Workbook

Sheet Данные
B2: Δr | C2: Δh, абс. | D2: Δh, SBAS | E2: N | F2: HDOP | G2: VDOP | H2: Δr | I2: Δh, абс. | J2: Δh, SBAS | K2: N | L2: HDOP | M2: VDOP | N2: Δr | O2: Δh, абс. | P2: Δh, SBAS | Q2: N | R2: HDOP | S2: VDOP | T2: Δr | U2: Δh, абс. | V2: Δh, SBAS | W2: N | X2: HDOP | Y2: VDOP | Z2: Δr | AA2: Δh, абс. | AB2: Δh, SBAS | AC2: N | AD2: HDOP | AE2: VDOP
A4: 0
A5: 1
A6: 2
A7: 3
A8: 4
A9: 5
A10: 6
A11: 7
A12: 8
A13: 9
A14: 10
A15: 11
... A63: 59

Sheet Обработка
D1: Абс | F1: SBAS | M1: Заголовки | P1: DOP для удобства копирования
A2: Точка | B2: Δrmax | C2: σΔr | D2: hmax | E2: σh | F2: hmax | G2: σh | H2: Nср | I2: HDOPср | J2: VDOPср | K2: PDOPср | M2: абс. Δh | N2: SBAS Δh | P2: =A3 -> 0 | Q2: =A4 -> 0 | R2: =A5 -> 0 | S2: =A6 -> 0 | T2: =A7 -> 0
A3: =Данные!B1 -> 0 | B3: =MAX(Данные!B4:B63) -> 0 | C3: =STDEVP(Данные!B4:B63) -> #DIV/0! | D3: {=INDEX(Данные!C4:C63, MATCH(MAX(ABS(Данные!C4:C63)), ABS(Данные!C4:C63), 0))} -> 0 | E3: =STDEVP(Данные!C4:C63) -> #DIV/0! | F3: {=INDEX(Данные!D4:D63, MATCH(MAX(ABS(Данные!D4:D63)), ABS(Данные!D4:D63), 0))} -> 0 | G3: =STDEVP(Данные!D4:D63) -> #DIV/0! | H3: =AVERAGE(Данные!E4:E63) -> #DIV/0! | I3: =AVERAGE(Данные!F4:F63) -> #DIV/0! | J3: =AVERAGE(Данные!G4:G63) -> #DIV/0! | K3: =SQRT(I3^2+J3^2) -> #DIV/0! | M3: =$A3 & M$2 -> 0 абс. Δh | N3: =$A3 & N$2 -> 0 SBAS Δh | P3: =Данные!F4 &"/"& Данные!G4 -> / | Q3: =Данные!L4 &"/"& Данные!M4 -> / | R3: =Данные!R4 &"/"& Данные!S4 -> / | S3: =Данные!X4 &"/"& Данные!Y4 -> / | T3: =Данные!AD4 &"/"& Данные!AE4 -> /
A4: =Данные!H1 -> 0 | B4: =MAX(Данные!H4:H63) -> 0 | C4: =STDEVP(Данные!H4:H63) -> #DIV/0! | D4: {=INDEX(Данные!I4:I63, MATCH(MAX(ABS(Данные!I4:I63)), ABS(Данные!I4:I63), 0))} -> 0 | E4: =STDEVP(Данные!I4:I63) -> #DIV/0! | F4: {=INDEX(Данные!J4:J63, MATCH(MAX(ABS(Данные!J4:J63)), ABS(Данные!J4:J63), 0))} -> 0 | G4: =STDEVP(Данные!J4:J63) -> #DIV/0! | H4: =AVERAGE(Данные!K4:K63) -> #DIV/0! | I4: =AVERAGE(Данные!L4:L63) -> #DIV/0! | J4: =AVERAGE(Данные!M4:M63) -> #DIV/0! | K4: =SQRT(I4^2+J4^2) -> #DIV/0! | M4: =$A4 & M$2 -> 0 абс. Δh | N4: =$A4 & N$2 -> 0 SBAS Δh | P4: =Данные!F5 &"/"& Данные!G5 -> / | Q4: =Данные!L5 &"/"& Данные!M5 -> / | R4: =Данные!R5 &"/"& Данные!S5 -> / | S4: =Данные!X5 &"/"& Данные!Y5 -> / | T4: =Данные!AD5 &"/"& Данные!AE5 -> /
A5: =Данные!N1 -> 0 | B5: =MAX(Данные!N4:N63) -> 0 | C5: =STDEVP(Данные!N4:N63) -> #DIV/0! | D5: {=INDEX(Данные!O4:O63, MATCH(MAX(ABS(Данные!O4:O63)), ABS(Данные!O4:O63), 0))} -> 0 | E5: =STDEVP(Данные!O4:O63) -> #DIV/0! | F5: {=INDEX(Данные!P4:P63, MATCH(MAX(ABS(Данные!P4:P63)), ABS(Данные!P4:P63), 0))} -> 0 | G5: =STDEVP(Данные!P4:P63) -> #DIV/0! | H5: =AVERAGE(Данные!Q4:Q63) -> #DIV/0! | I5: =AVERAGE(Данные!R4:R63) -> #DIV/0! | J5: =AVERAGE(Данные!S4:S63) -> #DIV/0! | K5: =SQRT(I5^2+J5^2) -> #DIV/0! | M5: =$A5 & M$2 -> 0 абс. Δh | N5: =$A5 & N$2 -> 0 SBAS Δh | P5: =Данные!F6 &"/"& Данные!G6 -> / | Q5: =Данные!L6 &"/"& Данные!M6 -> / | R5: =Данные!R6 &"/"& Данные!S6 -> / | S5: =Данные!X6 &"/"& Данные!Y6 -> / | T5: =Данные!AD6 &"/"& Данные!AE6 -> /
A6: =Данные!T1 -> 0 | B6: =MAX(Данные!T4:T63) -> 0 | C6: =STDEVP(Данные!T4:T63) -> #DIV/0! | D6: {=INDEX(Данные!U4:U63, MATCH(MAX(ABS(Данные!U4:U63)), ABS(Данные!U4:U63), 0))} -> 0 | E6: =STDEVP(Данные!U4:U63) -> #DIV/0! | F6: {=INDEX(Данные!V4:V63, MATCH(MAX(ABS(Данные!V4:V63)), ABS(Данные!V4:V63), 0))} -> 0 | G6: =STDEVP(Данные!V4:V63) -> #DIV/0! | H6: =AVERAGE(Данные!W4:W63) -> #DIV/0! | I6: =AVERAGE(Данные!X4:X63) -> #DIV/0! | J6: =AVERAGE(Данные!Y4:Y63) -> #DIV/0! | K6: =SQRT(I6^2+J6^2) -> #DIV/0! | M6: =$A6 & M$2 -> 0 абс. Δh | N6: =$A6 & N$2 -> 0 SBAS Δh | P6: =Данные!F7 &"/"& Данные!G7 -> / | Q6: =Данные!L7 &"/"& Данные!M7 -> / | R6: =Данные!R7 &"/"& Данные!S7 -> / | S6: =Данные!X7 &"/"& Данные!Y7 -> / | T6: =Данные!AD7 &"/"& Данные!AE7 -> /
A7: =Данные!Z1 -> 0 | B7: =MAX(Данные!Z4:Z63) -> 0 | C7: =STDEVP(Данные!Z4:Z63) -> #DIV/0! | D7: {=INDEX(Данные!AA4:AA63, MATCH(MAX(ABS(Данные!AA4:AA63)), ABS(Данные!AA4:AA63), 0))} -> 0 | E7: =STDEVP(Данные!AA4:AA63) -> #DIV/0! | F7: {=INDEX(Данные!AB4:AB63, MATCH(MAX(ABS(Данные!AB4:AB63)), ABS(Данные!AB4:AB63), 0))} -> 0 | G7: =STDEVP(Данные!AB4:AB63) -> #DIV/0! | H7: =AVERAGE(Данные!AC4:AC63) -> #DIV/0! | I7: =AVERAGE(Данные!AD4:AD63) -> #DIV/0! | J7: =AVERAGE(Данные!AE4:AE63) -> #DIV/0! | K7: =SQRT(I7^2+J7^2) -> #DIV/0! | M7: =$A7 & M$2 -> 0 абс. Δh | N7: =$A7 & N$2 -> 0 SBAS Δh | P7: =Данные!F8 &"/"& Данные!G8 -> / | Q7: =Данные!L8 &"/"& Данные!M8 -> / | R7: =Данные!R8 &"/"& Данные!S8 -> / | S7: =Данные!X8 &"/"& Данные!Y8 -> / | T7: =Данные!AD8 &"/"& Данные!AE8 -> /
P8: =Данные!F9 &"/"& Данные!G9 -> / | Q8: =Данные!L9 &"/"& Данные!M9 -> / | R8: =Данные!R9 &"/"& Данные!S9 -> / | S8: =Данные!X9 &"/"& Данные!Y9 -> / | T8: =Данные!AD9 &"/"& Данные!AE9 -> /
P9: =Данные!F10 &"/"& Данные!G10 -> / | Q9: =Данные!L10 &"/"& Данные!M10 -> / | R9: =Данные!R10 &"/"& Данные!S10 -> / | S9: =Данные!X10 &"/"& Данные!Y10 -> / | T9: =Данные!AD10 &"/"& Данные!AE10 -> /
P10: =Данные!F11 &"/"& Данные!G11 -> / | Q10: =Данные!L11 &"/"& Данные!M11 -> / | R10: =Данные!R11 &"/"& Данные!S11 -> / | S10: =Данные!X11 &"/"& Данные!Y11 -> / | T10: =Данные!AD11 &"/"& Данные!AE11 -> /
P11: =Данные!F12 &"/"& Данные!G12 -> / | Q11: =Данные!L12 &"/"& Данные!M12 -> / | R11: =Данные!R12 &"/"& Данные!S12 -> / | S11: =Данные!X12 &"/"& Данные!Y12 -> / | T11: =Данные!AD12 &"/"& Данные!AE12 -> /
P12: =Данные!F13 &"/"& Данные!G13 -> / | Q12: =Данные!L13 &"/"& Данные!M13 -> / | R12: =Данные!R13 &"/"& Данные!S13 -> / | S12: =Данные!X13 &"/"& Данные!Y13 -> / | T12: =Данные!AD13 &"/"& Данные!AE13 -> /
P13: =Данные!F14 &"/"& Данные!G14 -> / | Q13: =Данные!L14 &"/"& Данные!M14 -> / | R13: =Данные!R14 &"/"& Данные!S14 -> / | S13: =Данные!X14 &"/"& Данные!Y14 -> / | T13: =Данные!AD14 &"/"& Данные!AE14 -> /
P14: =Данные!F15 &"/"& Данные!G15 -> / | Q14: =Данные!L15 &"/"& Данные!M15 -> / | R14: =Данные!R15 &"/"& Данные!S15 -> / | S14: =Данные!X15 &"/"& Данные!Y15 -> / | T14: =Данные!AD15 &"/"& Данные!AE15 -> /
P15: =Данные!F16 &"/"& Данные!G16 -> / | Q15: =Данные!L16 &"/"& Данные!M16 -> / | R15: =Данные!R16 &"/"& Данные!S16 -> / | S15: =Данные!X16 &"/"& Данные!Y16 -> / | T15: =Данные!AD16 &"/"& Данные!AE16 -> /
P16: =Данные!F17 &"/"& Данные!G17 -> / | Q16: =Данные!L17 &"/"& Данные!M17 -> / | R16: =Данные!R17 &"/"& Данные!S17 -> / | S16: =Данные!X17 &"/"& Данные!Y17 -> / | T16: =Данные!AD17 &"/"& Данные!AE17 -> /
P17: =Данные!F18 &"/"& Данные!G18 -> / | Q17: =Данные!L18 &"/"& Данные!M18 -> / | R17: =Данные!R18 &"/"& Данные!S18 -> / | S17: =Данные!X18 &"/"& Данные!Y18 -> / | T17: =Данные!AD18 &"/"& Данные!AE18 -> /
P18: =Данные!F19 &"/"& Данные!G19 -> / | Q18: =Данные!L19 &"/"& Данные!M19 -> / | R18: =Данные!R19 &"/"& Данные!S19 -> / | S18: =Данные!X19 &"/"& Данные!Y19 -> / | T18: =Данные!AD19 &"/"& Данные!AE19 -> /
P19: =Данные!F20 &"/"& Данные!G20 -> / | Q19: =Данные!L20 &"/"& Данные!M20 -> / | R19: =Данные!R20 &"/"& Данные!S20 -> / | S19: =Данные!X20 &"/"& Данные!Y20 -> / | T19: =Данные!AD20 &"/"& Данные!AE20 -> /
... P62: =Данные!F63 &"/"& Данные!G63 -> / | Q62: =Данные!L63 &"/"& Данные!M63 -> / | R62: =Данные!R63 &"/"& Данные!S63 -> / | S62: =Данные!X63 &"/"& Данные!Y63 -> / | T62: =Данные!AD63 &"/"& Данные!AE63 -> /
